{
  "timestamp": "2026-02-10T16:19:00.121113",
  "summary": {
    "accuracy": 84.61538461538461,
    "precision": 100.0,
    "recall": 71.42857142857143,
    "f1_score": 83.33333333333333,
    "confusion_matrix": {
      "TP": 5,
      "TN": 6,
      "FP": 0,
      "FN": 2
    }
  },
  "results": [
    {
      "video_path": "fake\\1.mp4",
      "texture": {
        "success": true,
        "video_path": "fake\\1.mp4",
        "frames_analyzed": 73,
        "fake_ratio": 0.9726027397260274,
        "avg_score": 0.7732086242878273,
        "frame_scores": [
          0.9999999403953552,
          0.5464196801185608,
          0.6238505840301514,
          0.9999996423721313,
          0.5679852962493896,
          0.9999977946281433,
          0.5999422073364258,
          0.9999982118606567,
          0.5729365348815918,
          0.9999963641166687,
          0.9999256134033203,
          0.5963397026062012,
          0.5809992551803589,
          0.9999985694885254,
          0.540287971496582,
          0.999143660068512,
          0.5647609233856201,
          0.9996864795684814,
          0.602302074432373,
          0.9920063614845276,
          0.47613945603370667,
          0.9999813437461853,
          0.11805570125579834,
          0.5285694599151611,
          0.9995588660240173,
          0.5392534732818604,
          0.9999294281005859,
          0.5468723773956299,
          0.9999988079071045,
          0.6068390011787415,
          0.9979231953620911,
          0.5312156677246094,
          0.9998999238014221,
          0.5843008756637573,
          0.9988676905632019,
          0.5984541177749634,
          0.9950171709060669,
          0.9997185468673706,
          0.5365797877311707,
          0.5280834436416626,
          0.997187077999115,
          0.55290687084198,
          0.9998699426651001,
          0.6319385170936584,
          0.935999870300293,
          0.5605558156967163,
          0.9754006266593933,
          0.6214076280593872,
          0.9868001937866211,
          0.9818901419639587,
          0.6328452825546265,
          0.8419971466064453,
          0.7277843952178955,
          0.6309613585472107,
          0.9991086721420288,
          0.9915316104888916,
          0.5811641812324524,
          0.5750830173492432,
          0.9999837875366211,
          0.6012347340583801,
          0.9999920129776001,
          0.9999893307685852,
          0.6766533851623535,
          0.8118513822555542,
          0.5841643810272217,
          0.999107301235199,
          0.6414428949356079,
          0.6031925082206726,
          0.8495633006095886,
          0.6239296197891235,
          0.8562068939208984,
          0.603350043296814,
          0.9973004460334778
        ]
      },
      "prediction": "FAKE",
      "confidence": 0.7732086242878273,
      "ground_truth": "FAKE"
    },
    {
      "video_path": "fake\\2.mp4",
      "texture": {
        "success": true,
        "video_path": "fake\\2.mp4",
        "frames_analyzed": 33,
        "fake_ratio": 0.8484848484848485,
        "avg_score": 0.8269197676873414,
        "frame_scores": [
          0.9999100565910339,
          0.9972352385520935,
          0.9992706179618835,
          0.998724639415741,
          0.9990307688713074,
          0.9920247793197632,
          0.994784414768219,
          0.9861560463905334,
          0.9724703431129456,
          0.8670281767845154,
          0.6818124055862427,
          0.0029137146193534136,
          5.289327600621618e-05,
          0.0001507734414190054,
          0.02749701961874962,
          0.011129794642329216,
          0.9918855428695679,
          0.9996809363365173,
          1.0,
          1.0,
          1.0,
          1.0,
          1.0,
          1.0,
          0.7891685366630554,
          0.999806821346283,
          0.9999998807907104,
          0.9999996423721313,
          1.0,
          0.9817519187927246,
          0.999563992023468,
          0.9987835884094238,
          0.9975197911262512
        ]
      },
      "prediction": "REAL",
      "confidence": 0.17308023231265857,
      "ground_truth": "FAKE"
    },
    {
      "video_path": "fake\\3.mp4",
      "texture": {
        "success": true,
        "video_path": "fake\\3.mp4",
        "frames_analyzed": 39,
        "fake_ratio": 0.3076923076923077,
        "avg_score": 0.3660125163636015,
        "frame_scores": [
          0.1545957773923874,
          0.09498041123151779,
          0.030957665294408798,
          0.281704843044281,
          0.3484995365142822,
          0.13850955665111542,
          0.013045691885054111,
          0.02161548100411892,
          0.01908937469124794,
          0.020218146964907646,
          0.06711165606975555,
          0.20877955853939056,
          0.19562985002994537,
          0.09572447091341019,
          0.016332566738128662,
          0.0001729327777866274,
          0.33640599250793457,
          0.4104224443435669,
          0.27494698762893677,
          0.23361283540725708,
          0.17192044854164124,
          0.01787775754928589,
          0.07298913598060608,
          0.545961856842041,
          0.3471081852912903,
          0.23532330989837646,
          0.46919548511505127,
          0.6568409204483032,
          0.7602888345718384,
          0.9239988923072815,
          0.9287117719650269,
          0.7897985577583313,
          0.852051854133606,
          0.34415358304977417,
          0.5620320439338684,
          0.8955051898956299,
          0.9789864420890808,
          0.9306918382644653,
          0.8286962509155273
        ]
      },
      "prediction": "FAKE",
      "confidence": 0.3660125163636015,
      "ground_truth": "FAKE"
    },
    {
      "video_path": "fake\\4.mp4",
      "texture": {
        "success": true,
        "video_path": "fake\\4.mp4",
        "frames_analyzed": 36,
        "fake_ratio": 0.3055555555555556,
        "avg_score": 0.42665442100001705,
        "frame_scores": [
          0.9167925715446472,
          0.30348846316337585,
          0.36738359928131104,
          0.2606600821018219,
          0.33059340715408325,
          0.15249435603618622,
          0.4240872859954834,
          0.4476264417171478,
          0.43171051144599915,
          0.5654464960098267,
          0.41016626358032227,
          0.5223879814147949,
          0.43925052881240845,
          0.44254595041275024,
          0.6401998996734619,
          0.22792214155197144,
          0.5815764665603638,
          0.21847082674503326,
          0.46264153718948364,
          0.1239914819598198,
          0.15408915281295776,
          0.46561646461486816,
          0.4200953245162964,
          0.3578781485557556,
          0.17984582483768463,
          0.07311911135911942,
          0.5652800798416138,
          0.8268433809280396,
          0.9867204427719116,
          0.42152726650238037,
          0.6148573160171509,
          0.8705148696899414,
          0.8867732882499695,
          0.06431252509355545,
          0.12088803946971893,
          0.08176162838935852
        ]
      },
      "prediction": "FAKE",
      "confidence": 0.42665442100001705,
      "ground_truth": "FAKE"
    },
    {
      "video_path": "fake\\5.mp4",
      "texture": {
        "success": true,
        "video_path": "fake\\5.mp4",
        "frames_analyzed": 12,
        "fake_ratio": 0.75,
        "avg_score": 0.738713288679719,
        "frame_scores": [
          0.9978763461112976,
          0.04876772314310074,
          0.8690884113311768,
          0.6059287786483765,
          0.4619353711605072,
          0.16232667863368988,
          0.8789656758308411,
          0.9707114696502686,
          0.9999887347221375,
          0.951781153678894,
          0.9175524711608887,
          0.9996366500854492
        ]
      },
      "prediction": "FAKE",
      "confidence": 0.738713288679719,
      "ground_truth": "FAKE"
    },
    {
      "video_path": "fake\\6.mp4",