{
  "timestamp": "2026-02-11T16:35:05.991989",
  "summary": {
    "accuracy": 100.0,
    "precision": 100.0,
    "recall": 100.0,
    "f1_score": 100.0,
    "confusion_matrix": {
      "TP": 1,
      "TN": 5,
      "FP": 0,
      "FN": 0
    }
  },
  "results": [
    {
      "video_path": "fake\\fake-1.mp4",
      "texture": {
        "success": true,
        "video_path": "fake\\fake-1.mp4",
        "frames_analyzed": 73,
        "fake_ratio": 0.9726027397260274,
        "avg_score": 0.7732086242878273,
        "frame_scores": [
          0.9999999403953552,
          0.5464196801185608,
          0.6238505840301514,
          0.9999996423721313,
          0.5679852962493896,
          0.9999977946281433,
          0.5999422073364258,
          0.9999982118606567,
          0.5729365348815918,
          0.9999963641166687,
          0.5963397026062012,
          0.9999256134033203,
          0.5809992551803589,
          0.9999985694885254,
          0.540287971496582,
          0.999143660068512,
          0.5647609233856201,
          0.9996864795684814,
          0.602302074432373,
          0.9920063614845276,
          0.47613945603370667,
          0.9999813437461853,
          0.11805570125579834,
          0.5285694599151611,
          0.9995588660240173,
          0.5392534732818604,
          0.9999294281005859,
          0.5468723773956299,
          0.9999988079071045,
          0.6068390011787415,
          0.9979231953620911,
          0.5312156677246094,
          0.9998999238014221,
          0.5843008756637573,
          0.9988676905632019,
          0.5984541177749634,
          0.9950171709060669,
          0.9997185468673706,
          0.5365797877311707,
          0.5280834436416626,
          0.997187077999115,
          0.55290687084198,
          0.9998699426651001,
          0.6319385170936584,
          0.935999870300293,
          0.5605558156967163,
          0.9754006266593933,
          0.6214076280593872,
          0.9868001937866211,
          0.9818901419639587,
          0.6328452825546265,
          0.8419971466064453,
          0.7277843952178955,
          0.9991086721420288,
          0.6309613585472107,
          0.5811641812324524,
          0.9915316104888916,
          0.5750830173492432,
          0.9999837875366211,
          0.6012347340583801,
          0.9999920129776001,
          0.6766533851623535,
          0.9999893307685852,
          0.5841643810272217,
          0.8118513822555542,
          0.999107301235199,
          0.6414428949356079,
          0.6031925082206726,
          0.8495633006095886,
          0.6239296197891235,
          0.8562068939208984,
          0.603350043296814,
          0.9973004460334778
        ]
      },
      "prediction": "FAKE",
      "confidence": 0.7732086242878273,
      "ground_truth": "FAKE"
    },
    {
      "video_path": "real\\reak-5.mp4",
      "texture": {
        "success": true,
        "video_path": "real\\reak-5.mp4",
        "frames_analyzed": 49,
        "fake_ratio": 0.9795918367346939,
        "avg_score": 0.9773459029288925,
        "frame_scores": [
          1.0,
          1.0,
          1.0,
          1.0,
          1.0,
          1.0,
          1.0,
          1.0,
          1.0,
          1.0,
          1.0,
          1.0,
          0.9995823502540588,
          1.0,
          1.0,
          1.0,
          1.0,
          1.0,
          1.0,
          1.0,
          0.9648485779762268,
          1.0,
          1.0,
          1.0,
          1.0,
          1.0,
          1.0,
          1.0,
          1.0,
          1.0,
          1.0,
          1.0,
          0.9999979734420776,
          0.017953258007764816,
          1.0,
          1.0,
          1.0,
          1.0,
          1.0,
          1.0,
          1.0,
          1.0,
          0.999999463558197,
          0.9075676202774048,
          1.0,
          1.0,
          1.0,
          1.0,
          1.0
        ]
      },
      "prediction": "REAL",
      "confidence": 0.02265409707110755,
      "ground_truth": "REAL"
    },
    {
      "video_path": "real\\real-1.mp4",
      "texture": {
        "success": true,
        "video_path": "real\\real-1.mp4",
        "frames_analyzed": 41,
        "fake_ratio": 0.975609756097561,
        "avg_score": 0.968067087051345,
        "frame_scores": [
          1.0,
          1.0,
          1.0,
          1.0,
          1.0,
          0.9347154498100281,
          0.9999995231628418,
          1.0,
          1.0,
          1.0,
          1.0,
          1.0,
          1.0,
          1.0,
          0.9999979734420776,
          0.999999463558197,
          0.5014496445655823,
          1.0,
          1.0,
          1.0,
          1.0,
          1.0,
          1.0,
          1.0,
          1.0,
          0.9999998211860657,
          0.9999995231628418,
          0.9989466667175293,
          1.0,
          0.9999817609786987,
          0.9999998211860657,
          0.9999944567680359,
          1.0,
          0.9999999403953552,
          1.0,
          1.0,
          1.0,
          1.0,
          1.0,
          0.2556665241718292,
          1.0
        ]
      },
      "prediction": "REAL",
      "confidence": 0.03193291294865497,
      "ground_truth": "REAL"
    },
    {
      "video_path": "real\\real-2.mp4",
      "texture": {
        "success": true,
        "video_path": "real\\real-2.mp4",
        "frames_analyzed": 51,
        "fake_ratio": 1.0,
        "avg_score": 0.9837139622837889,
        "frame_scores": [
          0.9993432760238647,
          0.9614390134811401,
          0.9416684508323669,
          0.9498274922370911,
          0.9972098469734192,
          0.9896852970123291,
          0.9664933681488037,
          0.9955196380615234,
          0.9999278783798218,
          0.9997671842575073,
          0.9999942183494568,
          0.9999997615814209,
          0.9995730519294739,
          0.9987701177597046,
          0.8095531463623047,
          0.915130615234375,
          0.9997737407684326,
          0.9996357560157776,
          0.9996874928474426,
          0.99931800365448,
          0.9933041334152222,
          0.9999678730964661,
          0.9999212622642517,
          0.9998430609703064,
          0.9993319511413574,
          0.9990164041519165,
          0.992133378982544,
          0.9930174350738525,
          0.9995669722557068,
          0.9997437000274658,
          0.9999374747276306,
          0.9996662139892578,
          0.999663233757019,
          0.9999716877937317,
          0.9992308616638184,
          0.9995526075363159,
          0.999970555305481,
          0.9999589920043945,
          0.999922513961792,
          0.9999935030937195,
          0.9978006482124329,
          0.9997684359550476,
          0.9996069669723511,
          0.992621123790741,
          0.9982912540435791,
          0.8880406618118286,
          0.9536402225494385,
          0.9287441372871399,
          0.950700581073761,
          0.9778961539268494,
          0.9862707257270813
        ]
      },
      "prediction": "REAL",
      "confidence": 0.016286037716211066,
      "ground_truth": "REAL"
    },
    {
      "video_path": "real\\real-3.mp4",
      "texture": {
        "success": true,
        "video_path": "real\\real-3.mp4",
        "frames_analyzed": 50,
        "fake_ratio": 1.0,
        "avg_score": 0.9514033544063568,